,Accident_Index_x,Location_Easting_OSGR,Location_Northing_OSGR,Longitude,Latitude,Police_Force,Accident_Severity,Number_of_Vehicles,Number_of_Casualties,Date,Day_of_Week,Time,Local_Authority_(District),Local_Authority_(Highway),1st_Road_Class,1st_Road_Number,Road_Type,Speed_limit,Junction_Detail,Junction_Control,2nd_Road_Class,2nd_Road_Number,Pedestrian_Crossing-Human_Control,Pedestrian_Crossing-Physical_Facilities,Light_Conditions,Weather_Conditions,Road_Surface_Conditions,Special_Conditions_at_Site,Carriageway_Hazards,Urban_or_Rural_Area,Did_Police_Officer_Attend_Scene_of_Accident,LSOA_of_Accident_Location,Accident_Index_y,Vehicle_Reference,Casualty_Reference,Casualty_Class,Sex_of_Casualty,Age_of_Casualty,Age_Band_of_Casualty,Casualty_Severity,Pedestrian_Location,Pedestrian_Movement,Car_Passenger,Bus_or_Coach_Passenger,Pedestrian_Road_Maintenance_Worker,Casualty_Type,Casualty_Home_Area_Type,city
1712032,201531A271815,446946.0,359262.0,-1.299851,53.128464,31,3,1,1,2015-12-12,7,17:40,340,E10000024,4,6026,6,30,0,-1,-1,0,0,1,4,5,2,0,0,1,1,E01027987,201214B045312,1,2,2,2,13,3,3,0,0,1,0,0,9,1,Ashfield
1712053,201531A279915,450403.0,360241.0,-1.248038,53.136948,31,2,1,1,2015-12-12,7,17:20,340,E10000024,6,0,6,30,3,4,6,0,0,0,4,2,2,0,0,1,1,E01027984,201214B049512,4,4,1,1,42,7,3,0,0,0,0,0,9,1,Ashfield
1712055,201531A283015,456062.0,361067.0,-1.163313,53.143808,31,3,2,1,2015-12-13,1,18:47,344,E10000024,6,0,6,30,6,4,6,0,0,0,4,7,2,0,0,1,1,E01028236,201214B050112,1,1,1,1,43,7,3,0,0,0,0,0,21,3,Mansfield
1712642,201531B273715,480136.0,353421.0,-0.805379,53.072022,31,3,3,1,2015-12-13,1,14:00,345,E10000024,4,6326,6,30,6,2,6,0,0,5,1,1,2,0,0,1,2,E01028335,201214C030112,1,1,2,2,27,6,3,0,0,1,0,0,9,1,Newark and Sherwood
1712669,201531B290615,462377.0,352290.0,-1.070617,53.064222,31,2,1,2,2015-12-12,7,16:30,345,E10000024,3,6097,3,50,0,-1,-1,0,0,0,1,5,2,0,0,2,1,E01028327,201214C033412,1,1,1,2,53,8,3,0,0,0,0,0,9,1,Newark and Sherwood
1713601,201531C284615,458092.0,340848.0,-1.136607,52.961862,31,3,1,1,2015-12-13,1,20:51,346,E06000018,6,0,6,30,0,-1,-1,0,0,8,4,1,2,0,0,1,1,E01013960,201214K057312,1,1,1,1,59,9,2,0,0,0,0,0,9,1,City of Nottingham
1714240,201531D273615,459520.0,330517.0,-1.11724,52.868848,31,3,2,1,2015-12-13,1,21:50,347,E10000024,6,0,6,50,3,4,6,0,0,0,6,1,2,0,0,2,1,E01028409,201214K183512,2,6,2,2,-1,-1,3,0,0,2,0,0,9,1,Rushcliffe
1714260,201531D282215,458061.0,343585.0,-1.136578,52.986466,31,2,1,1,2015-12-13,1,16:03,343,E10000024,6,0,6,30,0,-1,-1,0,0,0,4,5,2,0,0,1,1,E01028217,201214K186012,2,5,2,2,15,3,3,0,0,0,2,0,11,1,City of Nottingham
1714269,201531D285415,459205.0,343484.0,-1.119558,52.985433,31,3,2,1,2015-12-13,1,16:20,343,E10000024,4,684,6,30,3,2,6,0,0,5,4,2,2,0,0,1,1,E01028193,201214K189412,1,1,3,1,50,8,3,9,9,0,0,0,0,1,Gedling
1716346,2015320135619,525679.0,386885.0,-0.112783,53.363902,32,3,1,1,2015-12-12,7,07:25,351,E10000019,3,157,6,60,3,4,5,551,0,0,6,9,2,0,0,2,1,E01026045,2012160B04151,3,3,1,1,54,8,2,0,0,0,0,0,19,2,East Lindsey
1716347,2015320135672,519450.0,344253.0,-0.222246,52.982316,32,3,1,1,2015-12-12,7,07:45,353,E10000019,3,17,6,50,0,-1,-1,0,0,0,6,2,2,0,0,2,1,E01026200,2012160B04151,3,7,3,1,52,8,3,10,6,0,0,0,0,1,North Kesteven
1716348,2015320135728,497614.0,370616.0,-0.539361,53.223633,32,3,2,1,2015-12-12,7,14:50,352,E10000019,6,900,6,30,9,4,6,927,0,0,1,2,2,0,0,1,2,E01026176,2012160B04151,3,13,3,2,49,8,3,10,6,0,0,0,0,1,Lincoln
1716349,2015320135849,529671.0,335600.0,-0.073552,52.902203,32,2,4,2,2015-12-12,7,16:46,350,E10000019,3,16,6,60,0,-1,-1,0,0,0,6,1,2,0,0,2,1,E01026017,2012160B04151,4,4,1,1,39,7,3,0,0,0,0,0,9,1,Boston
1716350,2015320135850,489215.0,380289.0,-0.662415,53.312033,32,3,2,2,2015-12-12,7,18:15,356,E10000019,3,1500,6,60,0,-1,-1,0,0,0,6,2,2,0,0,2,1,E01026404,2012160B04151,5,10,2,2,28,6,3,0,0,1,0,0,9,1,West Lindsey
1716351,2015320135979,514846.0,360566.0,-0.284977,53.129895,32,3,1,1,2015-12-12,7,15:03,353,E10000019,4,1191,6,60,0,-1,-1,0,0,0,1,5,2,0,0,2,1,E01026210,2012160B04151,6,5,1,1,33,6,3,0,0,0,0,0,9,3,North Kesteven
1716352,2015320136014,489443.0,380214.0,-0.659015,53.31132,32,3,1,1,2015-12-13,1,07:15,356,E10000019,3,1500,6,30,0,-1,-1,0,0,0,6,7,4,0,0,2,1,E01026404,2012160B04161,1,1,2,1,22,5,3,0,0,1,0,0,9,1,West Lindsey
1716353,2015320136160,524484.0,339405.0,-0.149168,52.937615,32,3,2,5,2015-12-13,1,13:36,350,E10000019,3,52,6,60,6,4,4,1391,0,0,1,2,2,0,0,2,1,E01026034,2012160B04171,1,1,1,2,36,7,3,0,0,0,0,0,9,2,Boston
1716354,2015320136170,509616.0,321373.0,-0.376353,52.778822,32,3,2,1,2015-12-12,7,07:42,355,E10000019,3,15,6,30,0,-1,-1,0,1,4,4,1,2,0,0,1,1,E01026300,2012160B04181,1,1,1,1,28,6,3,0,0,0,0,0,9,1,South Kesteven
1716359,2015320136939,495031.0,372591.0,-0.577449,53.241849,32,3,2,1,2015-12-13,1,09:05,352,E10000019,3,46,3,70,0,-1,-1,0,0,0,1,8,4,0,0,2,1,E01026147,2012160B04221,1,1,2,2,1,1,3,0,0,0,4,0,11,3,Lincoln
1716386,2015320140073,497444.0,353473.0,-0.547115,53.069617,32,3,2,1,2015-12-13,1,11:30,353,E10000019,5,307,6,60,3,4,5,53,0,0,1,7,2,0,0,2,1,E01026196,2012160B04421,1,1,1,2,47,8,3,0,0,0,0,0,9,3,North Kesteven
1718179,2015331501908,498580.0,310170.0,-0.543264,52.68027,33,1,2,1,2015-12-12,7,14:14,368,E06000017,3,1,3,70,0,-1,-1,0,0,0,1,2,2,0,0,2,1,E01013805,2012160D04431,1,2,3,1,69,10,3,5,3,0,0,0,0,1,
1718270,2015331502005,463019.0,305971.0,-1.069978,52.647823,33,3,2,2,2015-12-12,7,21:35,364,E06000016,3,563,6,30,3,4,6,1022,0,4,4,2,2,0,0,1,2,E01013696,2012160D05191,3,1,1,1,26,6,3,0,0,0,0,0,9,1,Leicester
1718294,2015331502029,442844.0,294591.0,-1.369621,52.54749,33,2,2,2,2015-12-12,7,09:20,361,E10000018,4,4667,6,30,6,2,6,6335,0,5,1,2,2,0,0,1,1,E01025858,2012160D05401,1,2,2,1,23,5,3,0,0,0,0,0,19,1,Hinckley and Bosworth
1718297,2015331502032,460512.0,303918.0,-1.107404,52.629654,33,3,2,1,2015-12-12,7,14:20,364,E06000016,6,2890,2,30,3,4,4,6416,0,5,1,2,2,0,0,1,2,E01013752,2012160D05421,1,1,3,2,24,5,2,4,3,0,0,0,0,1,Leicester
1718298,2015331502033,458433.0,304877.0,-1.137947,52.638502,33,3,1,1,2015-12-13,1,11:55,364,E06000016,6,1147,2,30,3,2,3,594,0,5,1,9,1,0,0,1,2,E01013607,2012160D05441,1,1,1,2,21,5,3,0,0,0,0,0,9,3,Leicester
1718299,2015331502034,462172.0,305331.0,-1.082616,52.642168,33,3,2,1,2015-12-13,1,20:50,364,E06000016,5,1357,6,30,3,4,6,1039,0,0,4,2,2,0,0,1,1,E01013771,2012160D05451,1,1,3,2,58,9,2,8,2,0,0,0,0,1,Leicester
1718332,2015331502068,458731.0,305074.0,-1.133508,52.64024,33,2,3,2,2015-12-13,1,11:26,364,E06000016,3,594,3,30,6,2,6,29,0,5,1,2,2,0,0,1,1,E01032867,2012160D05731,1,1,1,2,41,7,3,0,0,0,0,0,9,2,Leicester
1718344,2015331502080,438391.0,314931.0,-1.432927,52.730663,33,2,1,1,2015-12-12,7,21:30,366,E10000018,5,7110,6,60,0,-1,-1,0,0,0,6,2,2,0,0,2,1,E01025956,2012160D05811,1,3,1,2,43,7,3,0,0,0,0,0,9,2,North West Leicestershire
1718345,2015331502081,447202.0,316901.0,-1.302176,52.747676,33,3,2,1,2015-12-12,7,09:40,362,E10000018,5,7207,6,60,6,4,5,7204,0,0,1,5,2,0,0,2,1,E01025744,2012160D05811,2,1,1,2,25,5,3,0,0,0,0,0,9,1,Charnwood
1718347,2015331502084,442672.0,307918.0,-1.370443,52.667303,33,3,3,1,2015-12-12,7,16:48,361,E10000018,4,585,6,60,0,-1,-1,0,0,0,6,5,2,0,0,2,1,E01025819,2012160D05821,2,1,1,1,22,5,3,0,0,0,0,0,1,1,Hinckley and Bosworth
1718417,2015331502161,443334.0,291075.0,-1.362853,52.515845,33,3,2,1,2015-12-12,7,16:15,361,E10000018,3,5,6,60,1,2,3,5,0,0,4,1,1,0,0,2,1,E01025832,2012160D06371,2,1,1,2,37,7,3,0,0,0,0,0,4,1,Hinckley and Bosworth
1718432,2015331502179,432143.0,318713.0,-1.525077,52.765066,33,2,1,1,2015-12-12,7,01:20,366,E10000018,6,8707,6,30,8,4,6,6,0,8,4,1,2,0,0,1,1,E01025952,2012160D06501,2,1,1,2,68,10,3,0,0,0,0,0,1,1,North West Leicestershire
1718674,2015331505795,459315.0,304030.0,-1.125066,52.630793,33,3,2,1,2015-12-12,7,20:00,364,E06000016,3,6,6,30,0,-1,-1,0,0,0,7,1,1,0,0,1,2,E01013646,2012160D08691,2,1,1,1,51,8,3,0,0,0,0,0,1,1,Leicester
1719033,201534NK32205,488719.0,281173.0,-0.696824,52.421361,34,3,1,1,2015-12-12,7,10:45,383,E10000021,3,43,1,60,1,4,3,43,0,0,1,2,2,0,0,2,3,E01027090,2012170L20902,2,1,1,1,59,9,3,0,0,0,0,0,9,1,
1719163,201534NW31915,489768.0,268404.0,-0.684815,52.306426,34,2,3,1,2015-12-12,7,23:54,386,E10000021,6,9400,6,30,6,4,6,9427,0,0,4,2,2,0,0,1,1,E01027313,2012170L31902,1,1,1,1,83,11,3,0,0,0,0,0,9,1,
1719229,201534TM32325,475554.0,254653.0,-0.896313,52.184959,34,3,2,1,2015-12-13,1,06:45,385,E10000021,3,508,1,70,1,2,1,1,0,0,7,1,2,0,0,2,3,E01032985,2012170L51172,1,1,3,1,5,1,3,5,1,0,0,0,0,2,
1719230,201534TM32395,475545.0,254815.0,-0.896409,52.186417,34,2,3,2,2015-12-13,1,18:20,385,E10000021,1,1,3,70,0,-1,-1,0,0,0,6,1,2,0,0,2,1,E01032985,2012170L51172,1,2,3,1,10,2,3,5,1,0,0,0,0,2,
1719402,201534WD32215,456531.0,268289.0,-1.172243,52.309812,34,3,1,1,2015-12-13,1,09:16,381,E10000021,3,361,6,60,0,-1,-1,0,0,0,1,2,2,0,0,2,1,E01026994,2012170M11852,1,1,1,2,30,6,3,0,0,0,0,0,9,1,
1719831,201534WN31925,477316.0,259814.0,-0.86937,52.231106,34,3,2,1,2015-12-13,1,00:15,384,E10000021,3,428,1,30,1,2,3,5095,0,0,4,2,2,0,0,2,1,E01027257,2012170S12012,2,1,1,2,28,6,3,0,0,0,0,0,1,1,
1719833,201534WN32115,474335.0,258172.0,-0.913369,52.216756,34,3,1,1,2015-12-13,1,07:30,384,E10000021,3,5076,1,50,1,2,3,5076,0,7,1,2,2,0,0,1,1,E01027160,2012170S12032,1,1,3,1,4,1,2,1,3,0,0,0,0,1,
1719840,201534WN32405,475256.0,262116.0,-0.899014,52.252083,34,3,2,3,2015-12-13,1,01:10,384,E10000021,3,508,6,30,6,2,3,5095,0,4,4,2,2,0,0,1,1,E01027191,2012170S12122,2,1,1,1,68,10,3,0,0,0,0,0,5,1,
1720005,201534WS32105,455515.0,247080.0,-1.190615,52.119258,34,3,2,1,2015-12-12,7,09:50,385,E10000021,5,54,6,60,6,4,5,19,0,0,1,2,2,0,0,2,1,E01027306,2012170S22172,1,1,1,1,78,11,2,0,0,0,0,0,9,1,
1721795,2015350203015,531310.0,280040.0,-0.071296,52.402625,35,3,2,1,2015-12-12,7,11:50,393,E10000003,3,141,1,60,1,4,4,1040,0,0,1,1,2,0,0,2,1,E01018209,201220K000472,2,1,1,2,45,7,2,0,0,0,0,0,1,1,
1721796,2015350203115,545500.0,257780.0,0.127526,52.199056,35,2,1,1,2015-12-13,1,01:20,390,E10000003,3,1307,6,30,6,2,3,603,0,5,4,2,2,0,0,1,1,E01018005,201220K000482,1,1,3,1,46,8,2,1,1,0,0,0,0,1,Cambridge
1721859,2015350210015,521200.0,299200.0,-0.212855,52.577119,35,3,2,1,2015-12-12,7,18:12,394,E06000031,6,0,6,30,0,-1,-1,0,0,0,6,8,2,0,0,1,1,E01015616,201220K003142,2,2,2,2,47,8,3,0,0,2,0,0,9,1,Peterborough
1721967,2015350223915,548980.0,257050.0,0.178085,52.191569,35,2,2,1,2015-12-12,7,15:00,390,E10000003,5,233,6,30,3,2,6,0,0,5,1,1,1,0,0,1,1,E01017962,201220K005642,2,3,2,1,31,6,3,0,0,2,0,0,9,1,Cambridge
1723439,2015360096194,625113.0,306198.0,1.323212,52.606889,36,3,2,4,2015-12-12,7,18:03,406,E10000020,3,146,3,70,6,2,3,47,0,0,4,8,1,0,0,2,1,E01026937,201220M014802,2,1,1,2,49,8,3,0,0,0,0,0,1,1,South Norfolk
1723441,2015360096209,594195.0,342621.0,0.888852,52.945823,36,3,2,3,2015-12-13,1,12:45,405,E10000020,3,149,6,60,0,-1,-1,0,0,0,1,1,1,0,0,2,1,E01026763,201220M014872,2,1,1,2,33,6,2,0,0,0,0,0,3,1,North Norfolk
1723442,2015360096228,591263.0,329459.0,0.837541,52.828703,36,3,2,2,2015-12-13,1,10:40,405,E10000020,3,1065,6,60,3,4,6,0,0,0,1,1,2,0,0,2,1,E01026780,201220M014882,2,1,1,1,19,4,3,0,0,0,0,0,9,1,North Norfolk
1723444,2015360096230,580010.0,309474.0,0.659757,52.653114,36,3,2,1,2015-12-13,1,13:35,400,E10000020,3,47,3,70,5,4,3,47,0,0,1,1,1,0,0,2,1,E01026455,201220M014902,1,1,1,1,37,7,3,0,0,0,0,0,9,1,Breckland
1725123,201537EA96027,642648.0,289224.0,1.569272,52.44705,37,3,2,1,2015-12-12,7,08:40,416,E10000029,6,0,6,30,8,4,6,0,0,0,1,1,1,0,0,1,1,E01030226,201220T025702,2,1,2,1,20,4,3,0,0,1,0,0,9,1,East Suffolk
1725143,201537EA96164,573046.0,277640.0,0.540369,52.369477,37,3,2,2,2015-12-12,7,16:23,411,E10000029,3,1065,6,60,3,4,4,1112,0,0,7,1,1,0,0,2,1,E01032525,201220T026412,2,1,1,1,21,5,2,0,0,0,0,0,1,1,West Suffolk
1725146,201537EA96185,570680.0,248719.0,0.491058,52.110457,37,3,1,1,2015-12-12,7,15:40,414,E10000029,3,143,6,60,0,-1,-1,0,0,0,4,1,2,0,0,2,1,E01030122,201220T026532,1,2,2,1,38,7,3,0,0,1,0,0,9,1,West Suffolk
1725149,201537EA96206,615915.0,244507.0,1.148003,52.056854,37,3,1,1,2015-12-13,1,20:05,412,E10000029,3,1156,3,30,0,-1,-1,0,0,0,4,1,1,0,0,1,1,E01029988,201220T026982,1,1,2,1,22,5,3,0,0,1,0,0,9,1,Ipswich
1725150,201537EA96211,624620.0,243925.0,1.274375,52.048173,37,3,2,2,2015-12-13,1,13:14,415,E10000029,3,12,1,60,1,4,5,322,0,0,1,1,1,0,0,2,1,E01030197,201220T027122,2,1,1,1,45,7,3,0,0,0,0,0,9,1,East Suffolk
1725151,201537EA96217,624915.0,279847.0,1.302513,52.370472,37,3,2,1,2015-12-13,1,16:23,413,E10000029,4,1116,6,30,0,-1,-1,0,0,0,6,2,2,0,0,2,1,E01030053,201220T027122,2,2,2,2,41,7,3,0,0,1,0,0,9,1,Mid Suffolk
1725152,201537EA96221,569962.0,245599.0,0.479029,52.082654,37,3,2,1,2015-12-13,1,10:00,414,E10000029,4,1061,6,60,0,-1,-1,0,0,0,1,2,2,0,0,2,1,E01030122,201220T027122,2,3,2,1,8,2,3,0,0,2,0,0,9,1,West Suffolk
1725153,201537EA96225,584831.0,266379.0,0.707089,52.264507,37,3,2,2,2015-12-13,1,13:50,414,E10000029,3,1101,6,30,0,-1,-1,0,0,0,1,2,2,0,0,1,1,E01030130,201220T027122,2,4,2,1,7,2,3,0,0,2,0,0,9,1,West Suffolk
1725657,2015405BA1191,506144.0,251452.0,-0.450035,52.15116,40,3,2,2,2015-12-12,7,02:22,420,E06000055,6,0,6,30,3,4,6,0,0,0,4,1,2,0,0,1,1,E01017532,201220T057482,2,2,2,1,8,2,3,0,0,2,0,0,9,1,
1725660,2015405BA1204,516341.0,256185.0,-0.299444,52.191641,40,3,6,5,2015-12-12,7,13:50,420,E06000055,3,1,3,60,8,4,6,0,0,0,1,1,2,0,0,2,1,E01017542,201220T057492,1,2,3,1,7,2,3,1,3,0,0,0,0,1,
1726171,2015405CA1468,508723.0,223202.0,-0.421321,51.89677,40,3,7,1,2015-12-12,7,05:04,421,E06000032,3,6,1,30,1,4,3,5228,0,1,4,1,1,0,0,1,1,E01015695,201220W034512,2,2,1,1,35,6,3,0,0,0,0,0,9,1,
1726179,2015405CA1489,509985.0,221284.0,-0.403599,51.879285,40,3,2,1,2015-12-12,7,22:15,421,E06000032,6,0,6,30,3,2,6,0,0,5,4,5,2,0,0,1,2,E01015743,201220W035062,1,2,2,1,20,4,3,0,0,0,4,0,11,-1,
1726181,2015405CA1493,506408.0,222536.0,-0.455157,51.89123,40,3,2,1,2015-12-12,7,14:40,421,E06000032,6,0,6,30,8,4,6,0,0,0,1,1,2,0,0,1,2,E01015715,201220W035092,2,1,1,2,83,11,3,0,0,0,0,0,9,1,
1726199,2015405CA1540,510084.0,222714.0,-0.401705,51.892117,40,3,1,1,2015-12-13,1,22:45,421,E06000032,3,5228,6,30,1,4,6,0,0,1,4,1,2,0,1,1,1,E01015777,201220W036232,1,1,3,2,73,10,3,1,1,0,0,0,0,1,
1726652,2015405DA1069,495720.0,237699.0,-0.606196,52.029453,40,3,2,1,2015-12-12,7,08:45,424,E06000056,3,421,7,70,5,2,5,76,0,0,1,1,2,0,0,2,2,E01033194,201220Z000792,1,30,2,1,29,6,3,0,0,0,4,0,11,1,
1726668,2015405DA1113,492206.0,225165.0,-0.660763,51.917388,40,3,1,1,2015-12-12,7,16:21,424,E06000056,6,0,6,20,0,-1,-1,0,0,0,1,1,1,0,0,1,1,E01017555,201220Z000822,2,3,2,1,44,7,3,0,0,2,0,0,9,-1,
1727558,20154100C1163,510757.0,196926.0,-0.400147,51.660214,41,3,1,1,2015-12-13,1,11:40,437,E10000015,3,411,6,30,0,-1,-1,0,0,0,1,1,2,0,0,1,1,E01023861,2012212001372,2,1,1,2,41,7,3,0,0,0,0,0,9,1,Watford
1727567,20154100C1199,511030.0,196351.0,-0.396385,51.654992,41,3,1,1,2015-12-12,7,16:42,437,E10000015,6,329,6,30,9,4,6,94,0,0,4,4,2,0,0,1,1,E01023862,2012212001390,2,1,1,1,27,6,3,0,0,0,0,0,9,2,Watford
1727570,20154100C1216,504603.0,194550.0,-0.489793,51.640036,41,3,2,4,2015-12-13,1,00:10,436,E10000015,6,41,6,30,3,4,6,42,0,0,4,1,2,0,0,1,1,E01023848,2012212001397,1,2,1,2,23,5,3,0,0,0,0,0,9,1,Three Rivers
1727575,20154100C1222,506458.0,193831.0,-0.463216,51.633226,41,3,1,1,2015-12-12,7,21:25,436,E10000015,3,404,3,30,0,-1,-1,0,0,0,4,2,2,0,0,2,1,E01023849,2012212001402,1,1,1,1,18,4,3,0,0,0,0,0,9,1,Three Rivers
1727787,20154100D0650,501410.0,213315.0,-0.53046,51.809283,41,3,2,1,2015-12-13,1,09:50,431,E10000015,3,4146,6,60,6,4,5,151,0,0,1,2,2,0,0,2,1,E01023356,2012212001752,2,1,1,2,46,8,3,0,0,0,0,0,9,1,Dacorum
1727788,20154100D0651,508014.0,207273.0,-0.436585,51.753744,41,3,2,1,2015-12-12,7,06:35,431,E10000015,3,414,1,40,1,4,3,414,0,0,4,1,1,0,0,2,1,E01023345,2012212001752,3,2,1,2,29,6,3,0,0,0,0,0,9,1,Dacorum
1727791,20154100D0657,505640.0,207696.0,-0.470836,51.757998,41,3,2,1,2015-12-12,7,23:38,431,E10000015,4,487,6,30,3,4,6,653,0,0,4,2,2,0,0,1,1,E01023400,2012212001759,1,1,1,1,7,2,3,0,0,0,0,0,1,1,Dacorum
1728227,20154100F0804,511504.0,203430.0,-0.387276,51.718522,41,3,1,1,2015-12-12,7,12:15,434,E10000015,1,1,3,70,5,4,1,25,0,0,1,1,2,0,0,2,1,E01023732,2012212002477,1,1,2,2,50,8,3,0,0,1,0,0,9,1,St Albans
1728236,20154100F0836,516518.0,205732.0,-0.313957,51.738192,41,3,2,2,2015-12-13,1,17:10,434,E10000015,3,1081,6,40,3,2,5,62,0,5,4,2,2,0,0,1,1,E01023683,2012212002480,2,1,2,2,41,7,3,0,0,1,0,0,9,1,St Albans
1728492,20154100G0677,524811.0,219742.0,-0.18888,51.86231,41,3,1,1,2015-12-13,1,10:10,433,E10000015,6,181,6,30,3,4,6,182,0,0,1,2,2,0,0,2,2,E01023629,2012212002939,2,1,1,1,44,7,3,0,0,0,0,0,9,2,North Hertfordshire
1728750,20154100J0707,522480.0,199866.0,-0.229717,51.684206,41,3,1,1,2015-12-12,7,00:56,33,E10000015,2,1,7,70,1,4,1,1,0,0,4,2,2,0,0,2,1,E01023584,2012212003364,1,1,2,1,17,4,3,0,0,1,0,0,9,1,Hertsmere
1728751,20154100J0708,519447.0,195370.0,-0.275103,51.644452,41,2,2,3,2015-12-12,7,14:06,33,E10000015,3,411,6,40,0,-1,-1,0,0,0,1,1,2,0,0,2,1,E01023566,2012212003364,1,2,2,1,20,4,3,0,0,2,0,0,9,-1,Hertsmere
1729195,20154100T3191,502752.0,193608.0,-0.516808,51.63191,41,3,3,5,2015-12-13,1,16:30,436,E10000015,1,25,3,70,0,-1,-1,0,0,0,4,1,2,0,0,2,1,E01023835,2012212004069,2,1,1,1,52,8,3,0,0,0,0,0,9,1,Three Rivers
1729614,2015420035322,561493.0,222023.0,0.344461,51.8734,42,3,1,1,2015-12-12,7,07:00,463,E10000012,4,184,1,30,1,4,6,0,0,0,1,2,2,0,0,2,1,E01033055,2012212004856,2,1,1,2,48,8,3,0,0,0,0,0,9,1,Uttlesford
1729616,2015420035325,621586.0,230330.0,1.221428,51.927358,42,3,1,1,2015-12-12,7,09:40,461,E10000012,4,1352,6,40,0,-1,-1,0,0,0,1,2,2,0,0,2,2,E01022028,2012212004858,2,1,1,1,32,6,3,0,0,0,0,0,1,1,
1729617,2015420035327,576931.0,187206.0,0.55082,51.555989,42,2,1,1,2015-12-12,7,09:30,453,E10000012,4,1006,6,30,3,4,6,0,0,0,1,1,1,0,0,1,1,E01021523,2012212004863,1,1,2,2,47,8,3,0,0,1,0,0,9,1,Castle Point
1729619,2015420035332,571073.0,201679.0,0.473467,51.687804,42,3,2,1,2015-12-12,7,11:50,454,E10000012,3,12,3,70,0,-1,-1,0,0,0,1,2,2,0,0,2,2,E01021555,2012212004870,1,1,3,2,11,3,3,9,7,0,0,0,0,3,Chelmsford
1729622,2015420035337,575179.0,210159.0,0.537067,51.762709,42,3,5,1,2015-12-12,7,17:51,454,E10000012,3,12,3,70,0,-1,-1,0,0,0,6,1,1,0,0,2,2,E01021537,2012212004874,2,1,1,2,35,6,3,0,0,0,0,0,9,1,Chelmsford