,Accident_Index_x,Location_Easting_OSGR,Location_Northing_OSGR,Longitude,Latitude,Police_Force,Accident_Severity,Number_of_Vehicles,Number_of_Casualties,Date,Day_of_Week,Time,Local_Authority_(District),Local_Authority_(Highway),1st_Road_Class,1st_Road_Number,Road_Type,Speed_limit,Junction_Detail,Junction_Control,2nd_Road_Class,2nd_Road_Number,Pedestrian_Crossing-Human_Control,Pedestrian_Crossing-Physical_Facilities,Light_Conditions,Weather_Conditions,Road_Surface_Conditions,Special_Conditions_at_Site,Carriageway_Hazards,Urban_or_Rural_Area,Did_Police_Officer_Attend_Scene_of_Accident,LSOA_of_Accident_Location,Accident_Index_y,Vehicle_Reference,Casualty_Reference,Casualty_Class,Sex_of_Casualty,Age_of_Casualty,Age_Band_of_Casualty,Casualty_Severity,Pedestrian_Location,Pedestrian_Movement,Car_Passenger,Bus_or_Coach_Passenger,Pedestrian_Road_Maintenance_Worker,Casualty_Type,Casualty_Home_Area_Type,city
1729623,2015420035339,547398.0,204380.0,0.132384,51.718782,42,3,1,1,2015-12-12,7,21:45,456,E10000012,6,0,6,30,0,-1,-1,0,0,0,4,1,1,0,0,2,1,E01021761,2012212004874,2,2,2,1,29,6,3,0,0,1,0,0,9,-1,Epping Forest
1729624,2015420035340,617914.0,222365.0,1.163081,51.857303,42,2,1,1,2015-12-12,7,21:50,461,E10000012,4,1033,6,30,0,-1,-1,0,0,0,4,1,2,0,0,2,2,E01021974,2012212004877,1,1,3,2,37,7,2,5,3,0,0,0,0,2,
1729625,2015420035341,583567.0,185911.0,0.645761,51.542239,42,2,1,1,2015-12-13,1,00:26,460,E06000033,6,0,6,30,0,-1,-1,0,0,0,4,2,2,0,0,2,1,E01015909,2012212004884,2,1,2,2,19,4,3,0,0,1,0,0,9,1,Southend-on-Sea
1729627,2015420035347,558412.0,178589.0,0.280056,51.484072,42,2,1,1,2015-12-13,1,14:02,462,E06000034,4,186,1,40,1,4,6,0,0,0,1,2,2,0,0,1,2,E01016012,2012212004885,2,1,1,1,54,8,3,0,0,0,0,0,8,1,
1729628,2015420035348,569427.0,215608.0,0.456459,51.813425,42,2,1,1,2015-12-13,1,13:15,454,E10000012,4,1008,1,60,1,4,6,0,0,0,1,2,2,0,0,2,2,E01021539,2012212004886,1,2,1,2,25,5,3,0,0,0,0,0,9,1,Chelmsford
1729629,2015420035350,574801.0,210000.0,0.531516,51.761399,42,3,2,1,2015-12-13,1,16:30,454,E10000012,3,12,3,70,0,-1,-1,0,0,0,6,1,2,0,0,2,2,E01021537,2012212004886,2,1,1,1,25,5,3,0,0,0,0,0,9,1,Chelmsford
1729630,2015420035353,586238.0,186371.0,0.684476,51.545496,42,2,1,1,2015-12-13,1,17:00,460,E06000033,3,13,6,30,3,4,5,0,0,0,4,8,2,0,0,1,2,E01015832,2012212004887,2,1,2,2,52,8,3,0,0,1,0,0,9,-1,Southend-on-Sea
1729631,2015420035354,579974.0,183441.0,0.592744,51.521209,42,2,1,1,2015-12-13,1,16:35,453,E10000012,4,1014,2,30,9,4,4,1014,0,1,4,8,2,0,0,1,1,E01021498,2012212004888,2,1,1,1,4,1,3,0,0,0,0,0,1,1,Castle Point
1729639,2015420035477,559539.0,187681.0,0.300387,51.565439,42,3,2,3,2015-12-13,1,16:54,452,E10000012,4,186,6,60,0,-1,-1,0,0,0,6,1,2,0,0,2,1,E01021473,2012212004897,1,1,1,2,23,5,2,0,0,0,0,0,9,-1,Brentwood
1729644,2015420035531,579090.0,211880.0,0.594565,51.776931,42,1,2,1,2015-12-13,1,01:40,451,E10000012,3,12,3,70,0,-1,-1,0,0,0,6,2,2,0,0,2,1,E01021394,2012212004908,1,1,1,1,8,2,3,0,0,0,0,0,1,1,
1729662,2015420035738,586576.0,186941.0,0.689647,51.550504,42,2,4,1,2015-12-13,1,01:05,460,E06000033,6,0,6,30,0,-1,-1,0,0,0,4,2,2,0,0,1,2,E01015904,2012212004953,1,2,3,1,32,6,3,9,5,0,0,0,0,-1,
1729666,2015420035770,577260.0,189189.0,0.55656,51.573698,42,3,2,1,2015-12-13,1,12:20,453,E10000012,6,0,6,30,6,4,6,0,0,0,1,1,2,0,0,1,1,E01021513,2012212004961,2,1,1,2,42,7,3,0,0,0,0,0,1,1,Castle Point
1729672,2015420035777,576484.0,223317.0,0.562658,51.880485,42,2,2,1,2015-12-12,7,21:24,451,E10000012,6,0,6,30,3,4,6,0,0,0,4,1,2,0,0,1,2,E01033459,2012212004975,1,1,1,2,26,6,3,0,0,0,0,0,9,3,
1729677,2015420035900,545634.0,210741.0,0.109528,51.776396,42,3,1,1,2015-12-13,1,05:10,457,E10000012,6,0,6,40,0,-1,-1,0,0,4,5,2,2,0,0,1,1,E01021853,2012212004984,1,3,2,1,18,4,3,0,0,2,0,0,9,1,
1729684,2015420035985,599741.0,223568.0,0.900254,51.874901,42,2,1,1,2015-12-12,7,04:50,455,E10000012,6,0,6,30,3,4,6,0,0,0,7,1,1,0,0,2,2,E01021642,2012212004993,1,1,3,1,53,8,3,6,9,0,0,0,0,1,
1729786,2015420037055,574869.0,223063.0,0.539091,51.878712,42,3,1,1,2015-12-13,1,16:05,451,E10000012,6,0,6,30,9,4,6,0,0,0,1,1,1,0,0,1,2,E01021364,2012212005180,2,1,1,2,28,6,3,0,0,0,0,0,9,1,
1733177,201543N069125,504186.0,185846.0,-0.4984,51.56188,43,3,2,3,2015-12-12,7,14:39,477,E10000002,1,40,1,40,1,2,3,40,0,0,1,1,2,0,0,2,1,E01017812,201222F200277,2,3,2,2,22,5,3,0,0,1,0,0,9,3,
1733226,201543N083125,499547.0,203213.0,-0.560364,51.718819,43,3,2,2,2015-12-13,1,00:03,478,E10000002,4,4505,6,60,0,-1,-1,0,0,0,6,1,1,0,0,2,1,E01017750,201222F200588,1,1,1,1,25,5,3,0,0,0,0,0,9,-1,
1733457,201543N146125,502170.0,185213.0,-0.527656,51.556559,43,2,1,1,2015-12-13,1,13:40,477,E10000002,1,40,7,70,0,-1,-1,0,0,0,1,1,1,0,0,2,1,E01017824,201222F202257,1,1,1,1,44,7,3,0,0,0,0,0,9,1,
1733461,201543N147125,500459.0,191781.0,-0.55045,51.615902,43,3,2,1,2015-12-13,1,10:45,478,E10000002,6,437,6,30,0,-1,-1,0,0,0,1,1,2,0,0,1,1,E01017757,201222F202257,1,7,2,2,46,8,2,0,0,2,0,0,9,1,
1733643,201543N193125,485345.0,194127.0,-0.768114,51.639482,43,3,2,1,2015-12-13,1,16:40,480,E10000002,6,3150,6,30,3,4,6,3150,0,0,4,7,2,0,0,1,1,E01017857,201222F203382,2,1,1,1,67,10,3,0,0,0,0,0,1,2,
1734369,201543P100125,445029.0,210335.0,-1.348555,51.789866,43,3,1,1,2015-12-13,1,19:36,485,E10000025,3,40,6,60,3,2,6,0,0,5,4,1,2,0,0,2,1,E01028788,201222G204707,3,2,1,1,37,7,3,0,0,0,0,0,9,1,West Oxfordshire
1734399,201543P106125,451516.0,188912.0,-1.257668,51.596706,43,3,1,1,2015-12-12,7,07:04,484,E10000025,6,189,6,30,0,-1,-1,0,0,0,4,1,2,0,7,1,1,E01028637,201222G204948,2,2,1,2,24,5,3,0,0,0,0,0,9,1,South Oxfordshire
1734463,201543P119125,454860.0,218798.0,-1.204696,51.865073,43,3,3,1,2015-12-13,1,12:14,481,E10000025,3,34,3,70,0,-1,-1,0,0,0,1,2,2,0,0,2,1,E01028497,2012230024812,1,1,1,1,62,9,3,0,0,0,0,0,20,1,Cherwell
1734465,201543P120125,458363.0,216506.0,-1.154216,51.844113,43,3,1,1,2015-12-13,1,16:13,481,E10000025,1,40,3,70,0,-1,-1,0,0,0,6,1,2,0,0,2,1,E01028501,2012230034712,2,1,1,1,29,6,3,0,0,0,0,0,9,1,South Oxfordshire
1734509,201543P129125,443374.0,210701.0,-1.372502,51.793286,43,3,1,1,2015-12-13,1,23:50,485,E10000025,6,206,6,60,0,-1,-1,0,0,0,6,1,2,0,0,2,1,E01028787,2012230129412,1,2,2,1,14,3,2,0,0,2,0,0,9,1,West Oxfordshire
1734514,201543P130125,462081.0,220255.0,-1.09958,51.877416,43,2,2,3,2015-12-12,7,19:10,481,E10000025,3,41,6,50,6,4,6,0,0,0,6,1,2,0,0,2,1,E01028499,2012230135612,1,2,2,2,19,4,3,0,0,2,0,0,9,1,Cherwell
1734546,201543P136125,455060.0,219005.0,-1.201759,51.866914,43,3,3,1,2015-12-13,1,15:27,481,E10000025,3,34,3,70,0,-1,-1,0,0,0,1,1,1,0,0,2,1,E01028497,2012231005912,2,1,2,2,18,4,3,0,0,1,0,0,9,1,Cherwell
1734558,201543P138125,453626.0,206072.0,-1.22458,51.750784,43,3,2,1,2015-12-13,1,22:38,482,E10000025,6,320,1,20,1,4,6,0,0,0,4,1,2,0,0,2,1,E01028581,2012231010612,1,1,1,1,38,7,3,0,0,0,0,0,8,1,Oxford
1734709,201543P173125,448115.0,212430.0,-1.303526,51.808444,43,3,1,1,2015-12-12,7,06:37,481,E10000025,3,44,3,50,0,-1,-1,0,0,0,4,2,2,0,0,2,1,E01028510,2012231060312,1,1,3,2,18,4,3,5,2,0,0,0,0,1,Cherwell
1734731,201543P177125,462087.0,220259.0,-1.099492,51.877451,43,3,2,2,2015-12-12,7,19:10,481,E10000025,3,41,6,50,6,4,6,0,0,0,6,1,2,0,3,2,1,E01028499,2012231065812,1,1,2,1,0,1,3,0,0,2,0,0,9,1,Cherwell
1734860,201543P208125,470707.0,205833.0,-0.977233,51.746743,43,3,2,1,2015-12-12,7,18:18,484,E10000025,6,383,6,30,2,4,4,4445,0,0,4,2,2,0,0,1,1,E01028671,2012231119312,1,1,1,1,42,7,2,0,0,0,0,0,8,1,South Oxfordshire
1734960,201543P228125,455067.0,219012.0,-1.201656,51.866977,43,3,3,3,2015-12-12,7,16:42,481,E10000025,3,34,3,70,0,-1,-1,0,0,0,4,4,2,0,0,2,1,E01028424,2012232508512,2,1,1,1,46,8,3,0,0,0,0,0,9,1,Cherwell
1735892,201543R094125,502134.0,178180.0,-0.530212,51.493349,43,3,2,2,2015-12-13,1,18:00,473,E06000039,1,4,3,70,0,-1,-1,0,0,0,4,1,1,0,0,1,1,E01016481,2012233096712,1,1,3,1,41,7,3,1,3,0,0,0,0,3,
1735930,201543R104125,496375.0,180367.0,-0.612543,51.514018,43,3,2,1,2015-12-13,1,19:15,473,E06000039,3,355,6,30,0,-1,-1,0,0,0,4,1,1,0,0,1,2,E01016465,2012233106412,2,1,1,2,66,10,3,0,0,0,0,0,9,1,
1736079,201543R144125,489219.0,178635.0,-0.716076,51.499622,43,3,1,1,2015-12-13,1,13:15,474,E06000040,1,4,3,70,0,-1,-1,0,0,0,1,1,1,0,0,2,1,E01016539,2012233527012,2,1,1,1,33,6,3,0,0,0,0,0,9,1,
1736082,201543R145125,498933.0,180090.0,-0.57577,51.511086,43,3,2,1,2015-12-12,7,07:20,473,E06000039,3,412,3,40,5,2,6,7302,0,5,1,1,1,0,0,1,1,E01016457,2012233527912,2,1,1,1,42,7,3,0,0,0,0,0,9,2,
1736877,201543S075125,490886.0,240003.0,-0.676023,52.050974,43,3,3,1,2015-12-12,7,11:38,479,E06000042,1,1,3,70,0,-1,-1,0,0,0,1,2,2,0,0,2,1,E01016803,201230B001599,2,1,1,2,64,9,2,0,0,0,0,0,1,1,
1736882,201543S076125,484756.0,245163.0,-0.764114,52.098324,43,3,3,2,2015-12-13,1,16:25,479,E06000042,1,1,3,70,0,-1,-1,0,0,0,6,1,2,0,0,2,1,E01016802,201230B001605,2,1,2,2,32,6,3,0,0,1,0,0,9,1,
1736894,201543S079125,480619.0,239820.0,-0.825754,52.050915,43,3,3,1,2015-12-13,1,17:27,479,E06000042,3,5,3,70,0,-1,-1,0,0,0,6,7,2,0,2,2,1,E01016839,201230B001612,1,1,1,1,71,10,3,0,0,0,0,0,9,2,
1736898,201543S080125,486011.0,243339.0,-0.746257,52.081736,43,3,2,2,2015-12-12,7,22:46,479,E06000042,1,1,3,70,0,-1,-1,0,0,0,6,2,2,0,0,1,1,E01016760,201230B001614,1,1,1,1,28,6,3,0,0,0,0,0,9,2,
1737555,201543W094125,451558.0,168398.0,-1.260054,51.412266,43,3,2,2,2015-12-12,7,23:24,471,E06000037,6,7152,6,40,0,-1,-1,0,0,0,4,1,2,0,0,1,1,E01016335,201230C000884,1,1,3,2,20,4,3,9,9,0,0,0,0,1,
1737596,201543W103125,470124.0,173489.0,-0.992132,51.456047,43,2,1,1,2015-12-12,7,22:42,472,E06000038,6,7201,6,30,3,4,6,7201,0,0,4,1,2,0,0,1,1,E01016360,201230C000991,1,1,3,2,14,3,3,5,4,0,0,0,0,2,
1737609,201543W107125,432692.0,174872.0,-1.530713,51.471874,43,3,1,2,2015-12-13,1,11:15,471,E06000037,1,4,3,70,0,-1,-1,0,0,0,1,1,2,0,0,2,1,E01016304,201230C000996,2,2,1,1,63,9,3,0,0,0,0,0,9,2,
1742235,2015440430634,457381.0,90552.0,-1.18866,50.711777,44,3,1,2,2015-12-12,7,04:00,505,E06000046,6,0,6,60,0,-1,-1,0,0,0,7,2,2,0,0,2,1,E01017283,201231C164412,1,1,1,2,23,5,3,0,0,0,0,0,9,1,
1742273,2015440433966,444202.0,120279.0,-1.371726,50.98023,44,3,4,2,2015-12-12,7,00:03,491,E10000014,6,0,6,30,0,-1,-1,0,0,0,4,1,1,0,0,1,1,E01022659,201231C173912,1,4,2,1,9,2,3,0,0,0,4,0,10,-1,Eastleigh
1742276,2015440434401,465377.0,147706.0,-1.065169,51.224812,44,3,1,1,2015-12-12,7,09:45,490,E10000014,3,339,6,60,0,-1,-1,0,0,0,1,2,2,6,0,2,1,E01022561,201231C174212,2,1,2,2,26,6,3,0,0,2,0,0,8,-1,Basingstoke and Deane
1742277,2015440434554,477393.0,143461.0,-0.894044,51.185148,44,2,2,1,2015-12-12,7,12:00,497,E10000014,3,31,3,70,0,-1,-1,0,0,0,1,4,1,0,0,2,1,E01022581,201231C174312,1,1,2,2,100,11,3,0,0,0,3,0,11,1,East Hampshire
1742278,2015440434789,442690.0,122951.0,-1.392949,51.004369,44,3,3,1,2015-12-12,7,16:07,491,E10000014,4,3043,6,30,6,4,6,0,0,0,4,1,1,0,0,2,1,E01023229,201231C174612,1,1,2,2,17,4,3,0,0,0,0,0,19,-1,Eastleigh
1742279,2015440434882,460723.0,86343.0,-1.142022,50.673592,44,3,1,1,2015-12-12,7,17:40,505,E06000046,4,3395,6,60,0,-1,-1,0,0,0,5,4,2,0,0,2,1,E01017285,201231C174912,2,1,1,2,22,5,3,0,0,0,0,0,9,1,
1742281,2015440435360,444053.0,111135.0,-1.374951,50.89802,44,2,2,1,2015-12-13,1,00:03,500,E06000045,3,3025,1,30,1,4,6,0,0,0,4,1,2,0,0,1,1,E01017276,201231C175812,2,1,1,1,17,4,3,0,0,0,0,0,1,1,Southampton
1742282,2015440435644,460086.0,100773.0,-1.148687,50.803408,44,2,4,2,2015-12-13,1,10:00,493,E10000014,3,32,6,30,0,-1,-1,0,0,0,1,1,1,0,0,1,1,E01022817,201231C176112,2,1,1,1,63,9,3,0,0,0,0,0,9,1,
1742283,2015440435851,467270.0,156705.0,-1.036375,51.305498,44,3,2,1,2015-12-12,7,18:05,490,E10000014,3,33,6,50,3,4,6,0,0,0,6,9,2,0,0,2,2,E01022492,201231C176512,2,1,1,1,27,6,3,0,0,0,0,0,9,1,Basingstoke and Deane
1742284,2015440435914,426653.0,95784.0,-1.623477,50.761041,44,3,2,1,2015-12-12,7,17:00,496,E10000014,6,0,6,30,3,4,6,0,0,0,4,1,1,0,0,1,2,E01023035,201231C176612,2,1,1,1,34,6,3,0,0,0,0,0,1,1,New Forest
1742285,2015440435919,464738.0,98218.0,-1.083129,50.779935,44,3,2,1,2015-12-13,1,15:23,498,E06000044,3,288,6,30,3,4,6,0,0,0,1,1,1,0,0,1,1,E01017123,201231C176812,1,1,1,1,23,5,3,0,0,0,0,0,9,1,Portsmouth
1742286,2015440435982,482537.0,161355.0,-0.816335,51.345295,44,3,2,2,2015-12-13,1,15:15,494,E10000014,6,0,6,60,0,-1,-1,0,0,0,1,1,2,0,0,2,1,E01022891,201231C177012,1,1,2,1,-1,-1,3,0,0,0,4,0,11,-1,Hart
1742287,2015440435994,480865.0,153683.0,-0.842073,51.276564,44,2,2,1,2015-12-12,7,18:45,494,E10000014,3,3013,6,30,8,2,6,0,0,0,7,1,1,0,0,1,2,E01022862,201231C177112,1,1,1,2,20,4,3,0,0,0,0,0,9,-1,Hart
1742288,2015440436296,431490.0,144264.0,-1.550715,51.196732,44,3,1,1,2015-12-13,1,21:14,501,E10000014,6,0,6,30,0,-1,-1,0,0,0,6,1,2,0,0,2,1,E01023159,201231C177912,1,1,3,1,21,5,3,4,1,0,0,0,0,2,Test Valley
1746122,2015450035782,519852.0,158353.0,-0.2818,51.311679,45,3,1,1,2015-12-13,1,23:04,38,E10000030,6,2337,6,40,0,-1,-1,0,0,0,6,1,2,0,0,2,1,E01030417,201232L400812,2,1,1,2,33,6,3,0,0,0,0,0,9,2,Mole Valley
1746123,2015450035792,513133.0,142880.0,-0.383043,51.173977,45,2,2,1,2015-12-13,1,11:30,512,E10000030,5,43,6,60,0,-1,-1,0,0,0,1,1,1,0,0,2,1,E01030555,201232L400812,2,2,2,2,36,7,3,0,0,1,0,0,9,2,Mole Valley
1746127,2015450035817,502383.0,172783.0,-0.528188,51.444793,45,3,4,5,2015-12-13,1,16:38,40,E10000030,3,30,3,70,1,2,3,30,0,0,4,1,1,0,0,2,1,E01030735,201232L404812,2,1,1,2,17,4,3,0,0,0,0,0,2,1,Spelthorne
1746128,2015450035818,510758.0,159669.0,-0.411813,51.325348,45,2,1,1,2015-12-13,1,10:28,510,E10000030,5,42,6,30,8,4,-1,-1,0,0,1,1,2,0,0,1,1,E01030302,201232L405212,1,1,1,1,56,9,3,0,0,0,0,0,9,1,Elmbridge
1746192,2015450036340,507816.0,158719.0,-0.454306,51.317374,45,3,2,1,2015-12-12,7,07:30,511,E10000030,3,3,7,30,0,-1,-1,0,0,0,7,1,1,0,0,2,1,E01030458,201232N023212,2,1,1,1,47,8,2,0,0,0,0,0,9,2,
1746193,2015450036341,502380.0,172919.0,-0.528192,51.446016,45,3,2,3,2015-12-13,1,19:33,40,E10000030,1,25,3,70,0,-1,-1,0,0,0,4,1,1,0,0,2,1,E01030735,201232N023212,2,2,2,1,43,7,2,0,0,1,0,0,9,3,Spelthorne
1746194,2015450036348,506494.0,172788.0,-0.469055,51.444081,45,3,1,1,2015-12-12,7,13:20,40,E10000030,3,30,3,40,3,4,5,239,0,0,1,1,1,0,0,1,1,E01030711,201232N023412,1,1,1,1,21,5,3,0,0,0,0,0,3,3,Spelthorne
1746195,2015450036352,495846.0,157217.0,-0.626413,51.306012,45,3,2,2,2015-12-13,1,23:56,518,E10000030,3,322,6,30,8,4,-1,-1,0,5,4,4,2,0,0,1,1,E01030944,201232N024212,2,1,1,2,34,6,3,0,0,0,0,0,9,1,
1746205,2015450036388,489820.0,136017.0,-0.718138,51.116413,45,3,3,6,2015-12-12,7,15:35,517,E10000030,3,3,3,70,0,-1,-1,0,0,0,1,1,1,0,0,2,1,E01030879,201232N027212,2,2,1,1,27,6,3,0,0,0,0,0,90,1,Waverley
1746206,2015450036397,488733.0,135287.0,-0.733843,51.11002,45,3,1,1,2015-12-13,1,21:15,517,E10000030,3,3,3,70,0,-1,-1,0,0,0,4,1,1,0,0,2,1,E01030929,201232N028612,1,1,1,1,40,7,2,0,0,0,0,0,19,3,Waverley
1746218,2015450036517,499437.0,153136.0,-0.57605,51.268713,45,3,2,3,2015-12-12,7,09:12,511,E10000030,3,320,6,40,3,4,5,14,0,0,1,1,2,0,0,2,2,E01030504,201232N035812,2,2,2,2,14,3,3,0,0,1,0,0,9,2,
1746221,2015450036535,507508.0,163352.0,-0.457326,51.359075,45,3,2,1,2015-12-13,1,10:44,510,E10000030,4,374,6,30,3,4,6,0,0,0,1,2,2,0,0,1,1,E01030347,201232N036712,1,1,1,2,65,9,3,0,0,0,0,0,9,3,Elmbridge
1746222,2015450036537,511719.0,164504.0,-0.39651,51.368618,45,3,2,1,2015-12-13,1,09:19,510,E10000030,3,244,1,40,1,4,5,153,0,4,1,2,2,0,0,1,1,E01030311,201232N037212,2,1,1,1,44,7,2,0,0,0,0,0,1,1,Elmbridge
1750941,2015460264819,558000.0,162630.0,0.267022,51.340803,46,3,2,1,2015-12-12,7,23:24,538,E10000016,5,269,6,30,0,-1,-1,0,0,0,7,9,1,0,0,2,2,E01024435,201234NW19112,1,1,3,1,12,3,3,5,3,0,0,0,0,-1,Sevenoaks
1750949,2015460264837,552800.0,173920.0,0.197281,51.443664,46,3,2,1,2015-12-13,1,18:19,532,E10000016,6,3205,6,30,3,4,6,0,0,0,4,1,1,0,0,1,2,E01024145,201234NW19902,3,1,1,1,31,6,2,0,0,0,0,0,9,1,Dartford
1750950,2015460264839,556900.0,175360.0,0.256866,51.455482,46,3,1,1,2015-12-13,1,15:24,532,E10000016,3,206,3,40,1,4,6,0,0,0,1,2,2,0,0,1,1,E01024172,201234NW20012,1,1,1,1,14,3,3,0,0,0,0,0,1,-1,Dartford
1750957,2015460264852,617750.0,160440.0,1.122336,51.301416,46,3,3,1,2015-12-12,7,22:26,531,E10000016,3,28,6,30,0,-1,-1,0,0,0,1,1,1,0,0,2,1,E01024113,201234NW21502,1,1,1,1,28,6,3,0,0,0,0,0,9,1,Canterbury
1750963,2015460264863,563990.0,156500.0,0.350127,51.284035,46,1,2,2,2015-12-13,1,06:40,542,E10000016,4,2016,6,50,0,-1,-1,0,0,0,1,2,2,6,0,2,1,E01032620,201234NW22192,2,2,2,1,75,10,3,0,0,1,0,0,9,1,Tonbridge and Malling
1750974,2015460264879,627510.0,166990.0,1.266288,51.356403,46,3,1,1,2015-12-13,1,16:40,541,E10000016,3,299,1,70,1,4,6,0,0,0,1,1,2,0,0,2,1,E01024703,201234NW24312,1,1,3,1,11,3,2,8,7,0,0,0,0,1,Canterbury
1750976,2015460264883,576184.0,167472.0,0.530227,51.378958,46,3,2,1,2015-12-13,1,20:30,544,E06000035,3,2,3,30,9,2,6,0,0,5,4,1,1,0,0,1,1,E01016019,201234NW24882,2,1,2,1,3,1,3,0,0,2,4,0,11,-1,
1750981,2015460264896,635920.0,170020.0,1.388866,51.380173,46,3,2,2,2015-12-12,7,21:55,541,E10000016,3,255,1,30,1,4,6,0,0,0,4,1,1,0,0,1,2,E01024677,201234NW26252,2,1,2,2,36,7,3,0,0,2,0,0,19,1,
1750986,2015460264909,633760.0,170230.0,1.358021,51.382951,46,3,3,1,2015-12-12,7,13:20,541,E10000016,5,424,6,30,3,4,6,0,0,0,1,1,1,0,0,1,1,E01024711,201234NW27522,2,1,1,1,24,5,3,0,0,0,0,0,9,1,
1750994,2015460264932,554530.0,151050.0,0.212236,51.237709,46,3,3,1,2015-12-13,1,09:45,542,E10000016,4,245,6,60,8,4,6,0,0,0,1,2,2,0,0,2,1,E01024754,201234NW28652,1,1,1,2,28,6,2,0,0,0,0,0,5,1,Sevenoaks
1751011,2015460264975,552870.0,173790.0,0.198231,51.442477,46,3,2,1,2015-12-13,1,09:20,532,E10000016,3,2018,6,30,8,4,6,0,0,0,1,8,2,0,0,1,1,E01024145,201234TD80012,2,2,1,1,23,5,3,0,0,0,0,0,21,-1,Dartford
1751026,2015460265010,574766.0,167623.0,0.509947,51.380752,46,3,2,1,2015-12-13,1,08:24,544,E06000035,3,229,6,30,0,-1,-1,0,0,0,1,4,2,0,0,1,1,E01016110,201234TD80242,1,1,1,1,51,8,1,0,0,0,0,0,21,-1,
1751029,2015460265025,572677.0,166429.0,0.479379,51.370665,46,2,1,1,2015-12-12,7,02:38,544,E06000035,5,21,6,60,0,-1,-1,0,0,0,6,1,2,0,0,1,1,E01016127,201234TD80252,1,2,1,1,38,7,3,0,0,0,0,0,9,3,
1751032,2015460265051,573953.0,169008.0,0.498954,51.393443,46,2,1,1,2015-12-13,1,13:55,544,E06000035,3,2,3,30,9,2,6,0,0,5,1,4,1,0,0,1,1,E01016136,201234TD80322,1,2,2,1,33,6,1,0,0,2,0,0,9,1,